<?xml version="1.0" encoding="UTF-8"?>
<!-- The format of this XML is subject to change -->
<ffdc>
	<timestamp>2020-01-25T01:11:33.211+0530</timestamp>
	<thread-name>Default Executor-thread-8</thread-name>
	<thread-id>-1412353138</thread-id>
	<exception-message>com.ibm.ws.objectManager.NonExistentObjectStoreFileException: NonExistentObjectStoreFileException_info:AbstractObjectStore(C:\IntegrationTester\Apps\RTCP\workspace\broker\RTCPBroker\MBStore)/aae86abf
null
C:\IntegrationTester\Apps\RTCP\workspace\broker\RTCPBroker\MBStore
</exception-message>
	<exception>com.ibm.micro.spi.BrokerComponentException: com.ibm.ws.objectManager.NonExistentObjectStoreFileException: NonExistentObjectStoreFileException_info:AbstractObjectStore(C:\IntegrationTester\Apps\RTCP\workspace\broker\RTCPBroker\MBStore)/aae86abf
null
C:\IntegrationTester\Apps\RTCP\workspace\broker\RTCPBroker\MBStore

	at com.ibm.micro.internal.persistence.PersistenceProvider.setupOM(PersistenceProvider.java:522)
	at com.ibm.micro.internal.persistence.PersistenceProvider.start(PersistenceProvider.java:491)
	at com.ibm.micro.internal.entrypoint.MicroBrokerImpl.initialise(MicroBrokerImpl.java:168)
	at com.ibm.micro.internal.entrypoint.MicroBrokerImpl.start(MicroBrokerImpl.java:406)
	at com.ibm.micro.internal.admin.client.LocalBrokerImpl.start(LocalBrokerImpl.java:78)
	at com.ibm.greenhat.server.microbroker.Broker.init(Broker.java:67)
	at sun.reflect.NativeMethodAccessorImpl.invoke0(Native Method)
	at sun.reflect.NativeMethodAccessorImpl.invoke(NativeMethodAccessorImpl.java:90)
	at sun.reflect.DelegatingMethodAccessorImpl.invoke(DelegatingMethodAccessorImpl.java:55)
	at java.lang.reflect.Method.invoke(Method.java:508)
	at org.springframework.beans.factory.support.AbstractAutowireCapableBeanFactory.invokeCustomInitMethod(AbstractAutowireCapableBeanFactory.java:1760)
	at org.springframework.beans.factory.support.AbstractAutowireCapableBeanFactory.invokeInitMethods(AbstractAutowireCapableBeanFactory.java:1697)
	at org.springframework.beans.factory.support.AbstractAutowireCapableBeanFactory.initializeBean(AbstractAutowireCapableBeanFactory.java:1627)
	at org.springframework.beans.factory.support.AbstractAutowireCapableBeanFactory.doCreateBean(AbstractAutowireCapableBeanFactory.java:553)
	at org.springframework.beans.factory.support.AbstractAutowireCapableBeanFactory.createBean(AbstractAutowireCapableBeanFactory.java:481)
	at org.springframework.beans.factory.support.AbstractBeanFactory$1.getObject(AbstractBeanFactory.java:312)
	at org.springframework.beans.factory.support.DefaultSingletonBeanRegistry.getSingleton(DefaultSingletonBeanRegistry.java:230)
	at org.springframework.beans.factory.support.AbstractBeanFactory.doGetBean(AbstractBeanFactory.java:308)
	at org.springframework.beans.factory.support.AbstractBeanFactory.getBean(AbstractBeanFactory.java:197)
	at org.springframework.beans.factory.support.AbstractBeanFactory.doGetBean(AbstractBeanFactory.java:297)
	at org.springframework.beans.factory.support.AbstractBeanFactory.getBean(AbstractBeanFactory.java:197)
	at org.springframework.beans.factory.support.DefaultListableBeanFactory.preInstantiateSingletons(DefaultListableBeanFactory.java:761)
	at org.springframework.context.support.AbstractApplicationContext.finishBeanFactoryInitialization(AbstractApplicationContext.java:867)
	at org.springframework.context.support.AbstractApplicationContext.refresh(AbstractApplicationContext.java:543)
	at org.springframework.web.context.ContextLoader.configureAndRefreshWebApplicationContext(ContextLoader.java:443)
	at org.springframework.web.context.ContextLoader.initWebApplicationContext(ContextLoader.java:325)
	at org.springframework.web.context.ContextLoaderListener.contextInitialized(ContextLoaderListener.java:107)
	at com.ibm.ws.webcontainer.webapp.WebApp.notifyServletContextCreated(WebApp.java:2379)
	at com.ibm.ws.webcontainer31.osgi.webapp.WebApp31.notifyServletContextCreated(WebApp31.java:514)
	at com.ibm.ws.webcontainer.webapp.WebApp.initialize(WebApp.java:1012)
	at com.ibm.ws.webcontainer.webapp.WebApp.initialize(WebApp.java:6550)
	at com.ibm.ws.webcontainer.osgi.DynamicVirtualHost.startWebApp(DynamicVirtualHost.java:469)
	at com.ibm.ws.webcontainer.osgi.DynamicVirtualHost.startWebApplication(DynamicVirtualHost.java:464)
	at com.ibm.ws.webcontainer.osgi.WebContainer.startWebApplication(WebContainer.java:1119)
	at com.ibm.ws.webcontainer.osgi.WebContainer.startModule(WebContainer.java:924)
	at com.ibm.ws.app.manager.module.internal.ModuleHandlerBase.deployModule(ModuleHandlerBase.java:99)
	at com.ibm.ws.app.manager.module.internal.DeployedModuleInfoImpl.installModule(DeployedModuleInfoImpl.java:49)
	at com.ibm.ws.app.manager.module.internal.DeployedAppInfoBase.deployModules(DeployedAppInfoBase.java:419)
	at com.ibm.ws.app.manager.module.internal.DeployedAppInfoBase.deployApp(DeployedAppInfoBase.java:405)
	at com.ibm.ws.app.manager.war.internal.WARApplicationHandlerImpl.install(WARApplicationHandlerImpl.java:65)
	at com.ibm.ws.app.manager.internal.statemachine.StartAction.execute(StartAction.java:140)
	at com.ibm.ws.app.manager.internal.statemachine.ApplicationStateMachineImpl.enterState(ApplicationStateMachineImpl.java:1258)
	at com.ibm.ws.app.manager.internal.statemachine.ApplicationStateMachineImpl.run(ApplicationStateMachineImpl.java:873)
	at java.util.concurrent.ThreadPoolExecutor.runWorker(ThreadPoolExecutor.java:1160)
	at java.util.concurrent.ThreadPoolExecutor$Worker.run(ThreadPoolExecutor.java:635)
	at java.lang.Thread.run(Thread.java:811)
Caused by: com.ibm.ws.objectManager.NonExistentObjectStoreFileException: NonExistentObjectStoreFileException_info:AbstractObjectStore(C:\IntegrationTester\Apps\RTCP\workspace\broker\RTCPBroker\MBStore)/aae86abf
null
C:\IntegrationTester\Apps\RTCP\workspace\broker\RTCPBroker\MBStore

	at com.ibm.ws.objectManager.AbstractSingleFileObjectStore.open(AbstractSingleFileObjectStore.java:657)
	at com.ibm.ws.objectManager.SingleFileObjectStore.open(SingleFileObjectStore.java:122)
	at com.ibm.ws.objectManager.ObjectManagerState.mergeObjectStores(ObjectManagerState.java:2733)
	at com.ibm.ws.objectManager.ObjectManagerState.becomeCloneOf(ObjectManagerState.java:2700)
	at com.ibm.ws.objectManager.Token.setManagedObject(Token.java:214)
	at com.ibm.ws.objectManager.CheckpointStartLogRecord.performRecovery(CheckpointStartLogRecord.java:175)
	at com.ibm.ws.objectManager.ObjectManagerState.performRecovery(ObjectManagerState.java:730)
	at com.ibm.ws.objectManager.ObjectManagerState.performWarmStart(ObjectManagerState.java:595)
	at com.ibm.ws.objectManager.ObjectManagerState.[init](ObjectManagerState.java:474)
	at com.ibm.ws.objectManager.ObjectManager.createObjectManagerState(ObjectManager.java:293)
	at com.ibm.ws.objectManager.ObjectManager.initialise(ObjectManager.java:237)
	at com.ibm.ws.objectManager.ObjectManager.[init](ObjectManager.java:136)
	at com.ibm.micro.internal.persistence.PersistenceProvider.setupOM(PersistenceProvider.java:508)
	... 45 more
</exception>
	<state-snapshot>
		<micro-broker name="RTCPBroker" version="3.0.3.1 - ub303-L131120">
			<initialized>false</initialized>
		</micro-broker>
	</state-snapshot>
	<prefs>
		<node key="RTCPBroker">
			<pref key="Name">RTCPBroker</pref>
			<pref key="MaxMsgSize">50</pref>
			<pref key="MaxNumClients">-1</pref>
			<pref key="DataDir">F:\Software\IntegrationTester\Apps\RTCP\workspace\broker\RTCPBroker</pref>
			<pref key="MaxFFDCRestarts">3</pref>
			<pref key="LocalOptimizationEnabled">false</pref>
			<pref key="MsgExpiryDefault">15552000000</pref>
			<pref key="AutoStartEnabled">true</pref>
			<pref key="StartupTraceLevel">1</pref>
			<pref key="TraceBufferSize">500</pref>
			<pref key="TimeStarted">1579894891525</pref>
			<pref key="AuthenticationModule">RTCPAuth</pref>
			<pref key="SecurityEnabled">true</pref>
			<pref key="AdminUser">Admin</pref>
			<pref key="AdminPwd">Admin</pref>
			<pref key="Port">7883</pref>
			<pref key="DefaultListenerIsSecure">false</pref>
			<pref key="DumpDir">F:\Software\IntegrationTester\Apps\RTCP\workspace\broker\RTCPBroker\diagnostics</pref>
			<node key="Listeners">
				<node key="MqttLocalListener">
					<pref key="StackDescription">;com.ibm.mqttdirect.modules.local.server.j2se.LocalListener;com.ibm.mqttdirect.modules.local.j2se.LocalDeframer;com.ibm.micro.internal.clients.mqtt.MQTTProtocolModule</pref>
					<pref key="StackMgr">mqtt://</pref>
					<pref key="StackType">com.ibm.micro.admin.MQTTLocalListener</pref>
					<pref key="com.ibm.mqttdirect.modules.local.server.j2se.LocalListenerBrokerName">RTCPBroker</pref>
					<pref key="ListenerName">MqttLocalListener</pref>
					<pref key="MQTTV3InFlightWindow">10</pref>
				</node>
				<node key="MqttTcpListener7883">
					<pref key="StackDescription">;com.ibm.mqttdirect.modules.tcp.server.j2se.TCPThreadedListener:address=all,port=1883;com.ibm.mqttdirect.modules.common.StreamDeframer;com.ibm.micro.internal.clients.mqtt.MQTTProtocolModule</pref>
					<pref key="StackMgr">mqtt://</pref>
					<pref key="com.ibm.mqttdirect.modules.tcp.server.j2se.TCPThreadedListenerport">7883</pref>
					<pref key="StackType">com.ibm.micro.admin.MQTTTCPListener</pref>
					<pref key="ListenerName">MqttTcpListener7883</pref>
					<pref key="MQTTV3InFlightWindow">10</pref>
				</node>
			</node>
			<node key="Persistence">
				<pref key="Type">2</pref>
				<pref key="LogSize">3000</pref>
				<pref key="MaxObjectStoreSize">9007199254740991</pref>
				<pref key="MimObjectStoreSize">3000</pref>
			</node>
			<node key="Queuing">
				<pref key="ExpiryEnabled">true</pref>
				<pref key="ExpiryDefault">2419200000</pref>
				<pref key="DynamicQueuesEnabled">true</pref>
				<pref key="MaxDepthDefault">1000</pref>
			</node>
		</node>
	</prefs>
	<jvm>
		<property id="java.vendor">IBM Corporation</property>
		<property id="sun.java.launcher">SUN_STANDARD</property>
		<property id="shared.resource.dir">F:/Software/IntegrationTester/Apps/RTCP/usr/shared/resources/</property>
		<property id="os.name">Windows 10</property>
		<property id="kernel.launch.time">694463355495900</property>
		<property id="sun.boot.class.path">F:\Software\IntegrationTester\Apps\jre\bin\compressedrefs\jclSC180\vm.jar;F:\Software\IntegrationTester\Apps\jre\lib\se-service.jar;F:\Software\IntegrationTester\Apps\jre\lib\cuda4j.jar;F:\Software\IntegrationTester\Apps\jre\lib\math.jar;F:\Software\IntegrationTester\Apps\jre\lib\ibmorb.jar;F:\Software\IntegrationTester\Apps\jre\lib\ibmorbapi.jar;F:\Software\IntegrationTester\Apps\jre\lib\ibmcfw.jar;F:\Software\IntegrationTester\Apps\jre\lib\ibmpkcs.jar;F:\Software\IntegrationTester\Apps\jre\lib\ibmcertpathfw.jar;F:\Software\IntegrationTester\Apps\jre\lib\ibmjgssfw.jar;F:\Software\IntegrationTester\Apps\jre\lib\ibmjssefw.jar;F:\Software\IntegrationTester\Apps\jre\lib\ibmsaslfw.jar;F:\Software\IntegrationTester\Apps\jre\lib\ibmjcefw.jar;F:\Software\IntegrationTester\Apps\jre\lib\ibmjgssprovider.jar;F:\Software\IntegrationTester\Apps\jre\lib\ibmjsseprovider2.jar;F:\Software\IntegrationTester\Apps\jre\lib\ibmcertpathprovider.jar;F:\Software\IntegrationTester\Apps\jre\lib\xmldsigfw.jar;F:\Software\IntegrationTester\Apps\jre\lib\xml.jar;F:\Software\IntegrationTester\Apps\jre\lib\charsets.jar;F:\Software\IntegrationTester\Apps\jre\lib\resources.jar;F:\Software\IntegrationTester\Apps\jre\lib\rt.jar;F:\Software\IntegrationTester\Apps\jre\lib\dataaccess.jar</property>
		<property id="sun.desktop">windows</property>
		<property id="java.vm.specification.vendor">Oracle Corporation</property>
		<property id="shared.app.dir">F:/Software/IntegrationTester/Apps/RTCP/usr/shared/apps/</property>
		<property id="java.runtime.version">8.0.5.20 - pwa6480sr5fp20-20180802_01(SR5 FP20)</property>
		<property id="wlp.lib.dir">F:/Software/IntegrationTester/Apps/RTCP/lib/</property>
		<property id="user.name">VAIO</property>
		<property id="java.compiler">j9jit29</property>
		<property id="os.encoding">UTF8</property>
		<property id="com.ibm.util.extralibs.properties"></property>
		<property id="com.ibm.jcl.checkClassPath"></property>
		<property id="server.tmp.dir">F:/Software/IntegrationTester/Apps/RTCP/usr/servers/defaultServer/workarea/tmp/</property>
		<property id="user.language">en</property>
		<property id="com.ibm.oti.vm.bootstrap.library.path">F:\Software\IntegrationTester\Apps\jre\bin\compressedrefs;F:\Software\IntegrationTester\Apps\jre\bin</property>
		<property id="sun.boot.library.path">F:\Software\IntegrationTester\Apps\jre\bin\compressedrefs;F:\Software\IntegrationTester\Apps\jre\bin</property>
		<property id="com.zaxxer.hikari.pool_number">1</property>
		<property id="wlp.install.dir">F:/Software/IntegrationTester/Apps/RTCP/</property>
		<property id="server.output.dir">F:/Software/IntegrationTester/Apps/RTCP/usr/servers/defaultServer/</property>
		<property id="java.version">1.8.0_181</property>
		<property id="java.util.logging.manager">com.ibm.ws.kernel.boot.logging.WsLogManager</property>
		<property id="user.timezone">Asia/Calcutta</property>
		<property id="java.net.preferIPv4Stack">true</property>
		<property id="com.ibm.system.agent.path">F:\Software\IntegrationTester\Apps\jre\bin</property>
		<property id="sun.arch.data.model">64</property>
		<property id="com.ibm.zero.version">2</property>
		<property id="java.endorsed.dirs">F:\Software\IntegrationTester\Apps\jre\lib\endorsed</property>
		<property id="com.ibm.oti.vm.library.version">29</property>
		<property id="sun.jnu.encoding">Cp1252</property>
		<property id="file.encoding.pkg">sun.io</property>
		<property id="file.separator">\</property>
		<property id="java.specification.name">Java Platform API Specification</property>
		<property id="java.class.version">52.0</property>
		<property id="user.country">US</property>
		<property id="java.home">F:\Software\IntegrationTester\Apps\jre</property>
		<property id="java.vm.info">JRE 1.8.0 Windows 10 amd64-64-Bit Compressed References 20180731_393394 (JIT enabled, AOT enabled)
OpenJ9   - bd23af8
OMR      - ca1411c
IBM      - 98805ca</property>
		<property id="os.version">10.0</property>
		<property id="java.awt.fonts"></property>
		<property id="path.separator">;</property>
		<property id="org.apache.aries.blueprint.preemptiveShutdown">false</property>
		<property id="java.vm.version">2.9</property>
		<property id="user.variant"></property>
		<property id="wlp.user.dir.isDefault">true</property>
		<property id="ibm.cds.suppresserrors">true</property>
		<property id="java.awt.printerjob">sun.awt.windows.WPrinterJob</property>
		<property id="sun.io.unicode.encoding">UnicodeLittle</property>
		<property id="awt.toolkit">sun.awt.windows.WToolkit</property>
		<property id="ibm.signalhandling.sigint">true</property>
		<property id="user.home">C:\Users\VAIO</property>
		<property id="com.ibm.cpu.endian">little</property>
		<property id="java.specification.vendor">Oracle Corporation</property>
		<property id="ibm.signalhandling.sigchain">true</property>
		<property id="java.library.path">F:\Software\IntegrationTester\Apps\jre\bin\compressedrefs;F:\Software\IntegrationTester\Apps\jre\bin;C:\WINDOWS\system32;C:\WINDOWS;F:/Software/IntegrationTester//Apps/jre/bin/j9vm;F:/Software/IntegrationTester//Apps/jre/bin;F:/Software/IntegrationTester//Apps/jre/lib/amd64;C:\WINDOWS\system32;C:\WINDOWS;C:\WINDOWS\System32\Wbem;C:\WINDOWS\System32\WindowsPowerShell\v1.0\;C:\WINDOWS\System32\OpenSSH\;C:\Users\VAIO\AppData\Local\Microsoft\WindowsApps;;F:\Software\IntegrationTester;;.</property>
		<property id="java.vendor.url">http://www.ibm.com</property>
		<property id="java.vm.vendor">IBM Corporation</property>
		<property id="java.fullversion">8.0.5.20 - pwa6480sr5fp20-20180802_01(SR5 FP20)
JRE 1.8.0 Windows 10 amd64-64-Bit Compressed References 20180731_393394 (JIT enabled, AOT enabled)
OpenJ9   - bd23af8
OMR      - ca1411c
IBM      - 98805ca</property>
		<property id="java.runtime.name">Java(TM) SE Runtime Environment</property>
		<property id="sun.net.http.retryPost">false</property>
		<property id="sun.java.command">F:\Software\IntegrationTester\Apps\RTCP\bin\tools\ws-server.jar --batch-file start defaultServer</property>
		<property id="java.class.path">F:\Software\IntegrationTester\Apps\RTCP\bin\tools\ws-server.jar;F:\Software\IntegrationTester\Apps\RTCP\bin\tools\ws-javaagent.jar;F:\Software\IntegrationTester\Apps\RTCP\bin\tools\ws-javaagent.jar</property>
		<property id="server.config.dir">F:/Software/IntegrationTester/Apps/RTCP/usr/servers/defaultServer/</property>
		<property id="wlp.user.dir">F:/Software/IntegrationTester/Apps/RTCP/usr/</property>
		<property id="java.vm.specification.name">Java Virtual Machine Specification</property>
		<property id="java.vm.specification.version">1.8</property>
		<property id="sun.cpu.endian">little</property>
		<property id="java.awt.headless">true</property>
		<property id="java.net.preferIPv6Addresses">false</property>
		<property id="java.io.tmpdir">C:\Users\VAIO\AppData\Local\Temp\</property>
		<property id="ibm.system.encoding">Cp1252</property>
		<property id="shared.config.dir">F:/Software/IntegrationTester/Apps/RTCP/usr/shared/config/</property>
		<property id="os.arch">amd64</property>
		<property id="java.awt.graphicsenv">sun.awt.Win32GraphicsEnvironment</property>
		<property id="ibm.signalhandling.rs">false</property>
		<property id="java.ext.dirs">F:\Software\IntegrationTester\Apps\jre\lib\ext</property>
		<property id="user.dir">F:\Software\IntegrationTester\Apps\RTCP\usr\servers\defaultServer</property>
		<property id="line.separator">
</property>
		<property id="com.ibm.greenhat.microbroker.configuration">com.ibm.greenhat.server.microbroker.security.RtcpConfiguration</property>
		<property id="java.vm.name">IBM J9 VM</property>
		<property id="com.ibm.oti.shared.enabled">true</property>
		<property id="com.ibm.vm.bitmode">64</property>
		<property id="wlp.process.type">server</property>
		<property id="javax.management.builder.initial">com.ibm.ws.kernel.boot.jmx.internal.PlatformMBeanServerBuilder</property>
		<property id="file.encoding">Cp1252</property>
		<property id="java.specification.version">1.8</property>
		<property id="com.ibm.oti.configuration">scar</property>
		<property id="wlp.server.name">defaultServer</property>
		<dump-dir>F:\Software\IntegrationTester\Apps\RTCP\usr\servers\defaultServer</dump-dir>
	</jvm>
</ffdc>
