<?xml version="1.0" encoding="UTF-8"?>
<registration>
   <!-- <server base-url="https://localhost:5443/RTCP" security-token="" /> -->
   <server base-url="https://localhost:5443/RTCP/">
     <!-- By default this proxy will trust all certificates presented by the server -->
	   <ssl trustAll="true"/>
	   <!--
	     Replace the ssl element above with the example below for greater control over
	     the trust store and ssl protocol used
	   -->
       <!--
  	     <ssl
           trustStore="greenhatTrusted.jks"
  		   trustStorePassword="passphrase"
  		   trustStoreType="jks"
  		   protocol="SSL_TLSv2, TLS" />
       -->
  </server>
  <logger level="warn"/>

	<!-- An optional identifier name can be used to help identify an instance 
		of the this agent when listed in the server. -->

  <!--
  <identifier name="identifier"/>
  -->

  <!--
   The Agent does not need to register against a specific domain or environment.
   By default it will provide capabilities for all domains/environments. If you
   want to restrict its use then add <domain> entries based on the example
   below. Each domain may have 0 or more environments.
  -->
  <!--
  <domains>
    <domain name="testDomain">
      <environment name="testEnvironment"/>
    </domain>
  </domains>
  -->

  <discovery>
    <!--
	   When the proxy is observing resources, it reports the observations in batches. By default
	   the frequency of reporting is every 10 seconds. The frequency can be changed by altering the
	   value below. The minimum allowed frequency is 5, the maximum is 30.
	-->
	<reporting frequency="10" />

  	<!--
    	When the proxy registers with the server, it can gather usage statistics immediately.
		If statistics will not be required, the initial state can be set to "off".
  	-->
	<statistics initial-state="on" />
  </discovery>

  <!--
   By default, the JDBC driver will intercept all of the JDBC connections that
   the application makes. To explicitly enable or disable the driver for specific
   connections you can use <includes>, <excludes> or a combination of <includes>
   and <excludes> sections.

   Each include or exclude is treated as a case-insensitive prefix for connection
   URLs, so you may either specify the complete URL, or you can control several
   similar connections with a prefix.

   The order of <includes> and <excludes> sections in this file does not affect
   the outcome: all includes are considered first, and then all excludes are applied.
   Note that an empty <includes> section disables the driver.
  -->
  <!--
  <includes>
  	<include>jdbc:db2://host:port/database</include>
  	<include>jdbc:oracle:thin:@host:port:database</include>
  </includes>
  -->
  <!--
  <excludes>
  	<exclude>jdbc:db2://host:port/database</exclude>
  	<exclude>jdbc:oracle:thin:@host:port:database</exclude>
  </excludes>
  -->

</registration>